Accession ID	Isolation site	Latitude (WGS84)	Longitude (WGS84)	Sample type	Site context	Genotype	Isolation source	Genotype source
1	Losiny Ostrov, Russia	55.5149	37.4639	leaf	wild	unknown	Glushakova et al. 2007	Glushakova et al. 2007
2	Losiny Ostrov, Russia	55.5149	37.4639	leaf	wild	unknown	Glushakova et al. 2007	Glushakova et al. 2007
3	Losiny Ostrov, Russia	55.5149	37.4639	leaf	wild	unknown	Glushakova et al. 2007	Glushakova et al. 2007
4	Losiny Ostrov, Russia	55.5149	37.4639	leaf	wild	unknown	Glushakova et al. 2007	Glushakova et al. 2007
5	Losiny Ostrov, Russia	55.5149	37.4639	leaf	wild	unknown	Glushakova et al. 2007	Glushakova et al. 2007
6	Losiny Ostrov, Russia	55.5149	37.4639	leaf	wild	unknown	Glushakova et al. 2007	Glushakova et al. 2007
7	Losiny Ostrov, Russia	55.5149	37.4639	leaf	wild	unknown	Glushakova et al. 2007	Glushakova et al. 2007
8	Losiny Ostrov, Russia	55.5149	37.4639	leaf	wild	unknown	Glushakova et al. 2007	Glushakova et al. 2007
9	Losiny Ostrov, Russia	55.5149	37.4639	leaf	wild	unknown	Glushakova et al. 2007	Glushakova et al. 2007
10	Losiny Ostrov, Russia	55.5149	37.4639	leaf	wild	unknown	Glushakova et al. 2007	Glushakova et al. 2007
11	Losiny Ostrov, Russia	55.5149	37.4639	leaf	wild	unknown	Glushakova et al. 2007	Glushakova et al. 2007
12	Losiny Ostrov, Russia	55.5149	37.4639	leaf	wild	unknown	Glushakova et al. 2007	Glushakova et al. 2007
13	Burtsevo, Russia	54.72669	38.3456	leaf	wild	unknown	Glushakova et al. 2007	Glushakova et al. 2007
14	Burtsevo, Russia	54.72669	38.3456	leaf	wild	unknown	Glushakova et al. 2007	Glushakova et al. 2007
15	Losiny Ostrov, Russia	55.5149	37.4639	leaf	wild	unknown	Glushakova et al. 2007	Glushakova et al. 2007
16	Losiny Ostrov, Russia	55.5149	37.4639	leaf	wild	unknown	Glushakova et al. 2007	Glushakova et al. 2007
17	Losiny Ostrov, Russia	55.5149	37.4639	leaf	wild	unknown	Glushakova et al. 2007	Glushakova et al. 2007
18	Losiny Ostrov, Russia	55.5149	37.4639	leaf	wild	unknown	Glushakova et al. 2007	Glushakova et al. 2007
19	Losiny Ostrov, Russia	55.5149	37.4639	leaf	wild	unknown	Glushakova et al. 2007	Glushakova et al. 2007
20	Losiny Ostrov, Russia	54.72669	38.3456	leaf	wild	unknown	Glushakova et al. 2007	Glushakova et al. 2007
21	Losiny Ostrov, Russia	54.72669	38.3456	leaf	wild	unknown	Glushakova et al. 2007	Glushakova et al. 2007
22	Losiny Ostrov, Russia	55.5149	37.4639	leaf	wild	unknown	Glushakova et al. 2007	Glushakova et al. 2007
23	Losiny Ostrov, Russia	55.5149	37.4639	leaf	wild	unknown	Glushakova et al. 2007	Glushakova et al. 2007
24	Losiny Ostrov, Russia	55.5149	37.4639	leaf	wild	unknown	Glushakova et al. 2007	Glushakova et al. 2007
25	Losiny Ostrov, Russia	55.5149	37.4639	leaf	wild	unknown	Glushakova et al. 2007	Glushakova et al. 2007
26	Losiny Ostrov, Russia	55.5149	37.4639	leaf	wild	unknown	Glushakova et al. 2007	Glushakova et al. 2007
27	Losiny Ostrov, Russia	55.5149	37.4639	leaf	wild	unknown	Glushakova et al. 2007	Glushakova et al. 2007
28	Losiny Ostrov, Russia	55.5149	37.4639	leaf	wild	unknown	Glushakova et al. 2007	Glushakova et al. 2007
29	Losiny Ostrov, Russia	55.5149	37.4639	leaf	wild	unknown	Glushakova et al. 2007	Glushakova et al. 2007
30	Losiny Ostrov, Russia	55.5149	37.4639	leaf	wild	unknown	Glushakova et al. 2007	Glushakova et al. 2007
31	Losiny Ostrov, Russia	55.5149	37.4639	leaf	wild	unknown	Glushakova et al. 2007	Glushakova et al. 2007
32	Losiny Ostrov, Russia	55.5149	37.4639	leaf	wild	unknown	Glushakova et al. 2007	Glushakova et al. 2007
33	Losiny Ostrov, Russia	55.5149	37.4639	leaf	wild	unknown	Glushakova et al. 2007	Glushakova et al. 2007
34	Losiny Ostrov, Russia	55.5149	37.4639	leaf	wild	unknown	Glushakova et al. 2007	Glushakova et al. 2007
35	Losiny Ostrov, Russia	55.5149	37.4639	leaf	wild	unknown	Glushakova et al. 2007	Glushakova et al. 2007
36	Losiny Ostrov, Russia	55.5149	37.4639	leaf	wild	unknown	Glushakova et al. 2007	Glushakova et al. 2007
37	Losiny Ostrov, Russia	55.5149	37.4639	leaf	wild	unknown	Glushakova et al. 2007	Glushakova et al. 2007
38	Losiny Ostrov, Russia	55.5149	37.4639	leaf	wild	unknown	Glushakova et al. 2007	Glushakova et al. 2007
39	Losiny Ostrov, Russia	55.5149	37.4639	leaf	wild	unknown	Glushakova et al. 2007	Glushakova et al. 2007
40	Losiny Ostrov, Russia	55.5149	37.4639	leaf	wild	unknown	Glushakova et al. 2007	Glushakova et al. 2007
41	Losiny Ostrov, Russia	55.5149	37.4639	leaf	wild	unknown	Glushakova et al. 2007	Glushakova et al. 2007
42	Losiny Ostrov, Russia	55.5149	37.4639	leaf	wild	unknown	Glushakova et al. 2007	Glushakova et al. 2007
43	Losiny Ostrov, Russia	55.5149	37.4639	leaf	wild	unknown	Glushakova et al. 2007	Glushakova et al. 2007
44	Losiny Ostrov, Russia	55.5149	37.4639	leaf	wild	unknown	Glushakova et al. 2007	Glushakova et al. 2007
138A	Hamilton, Ontario, U.S.A.	43.24747	-79.7489	bark	wild	North American	Maganti et al. 2011	Maganti et al. 2011
138C	Hamilton, Ontario, U.S.A.	43.24028	-79.8873	bark	wild	North American	Maganti et al. 2011	Maganti et al. 2011
139C	Hamilton, Ontario, U.S.A.	43.24028	-79.8873	bark	wild	North American	Maganti et al. 2011	Maganti et al. 2011
143B	Hamilton, Ontario, U.S.A.	43.24028	-79.8873	bark	wild	North American	Maganti et al. 2011	Maganti et al. 2011
145A	Hamilton, Ontario, U.S.A.	43.26286	-79.9207	bark	wild	North American	Maganti et al. 2011	Maganti et al. 2011
163B	Hamilton, Ontario, U.S.A.	43.24028	-79.8873	bark	wild	North American	Maganti et al. 2011	Maganti et al. 2011
164A	Hamilton, Ontario, U.S.A.	43.24028	-79.8873	bark	wild	North American	Maganti et al. 2011	Maganti et al. 2011
164B	Hamilton, Ontario, U.S.A.	43.24747	-79.7489	bark	wild	North American	Maganti et al. 2011	Maganti et al. 2011
165C	Hamilton, Ontario, U.S.A.	43.24028	-79.8873	bark	wild	North American	Maganti et al. 2011	Maganti et al. 2011
175A	Hamilton, Ontario, U.S.A.	43.24747	-79.7489	bark	wild	North American	Maganti et al. 2011	Maganti et al. 2011
176A	Hamilton, Ontario, U.S.A.	43.24028	-79.8873	bark	wild	North American	Maganti et al. 2011	Maganti et al. 2011
187A	Hamilton, Ontario, U.S.A.	43.24747	-79.7489	bark	wild	North American	Maganti et al. 2011	Maganti et al. 2011
42C	Hamilton, Ontario, U.S.A.	43.26191	-79.9193	bark	wild	North American	Maganti et al. 2011	Maganti et al. 2011
92B	Hamilton, Ontario, U.S.A.	43.24028	-79.8873	bark	wild	North American	Maganti et al. 2011	Maganti et al. 2011
95-1-5A	Saugatuck, MO, U.S.A.	42.65914	-86.2046	bark	unknown	North America B	Leducq et al. 2014	Kuehne et al. 2007
95-7-1D	East Lansing, MO, U.S.A.	42.74932	-84.4855	bark	unknown	North America B	Kuehne et al. 2007	Kuehne et al. 2007
95A	Hamilton, Ontario, U.S.A.	43.24028	-79.8873	bark	wild	North American	Maganti et al. 2011	Maganti et al. 2011
A12	Mont-Saint-Hilaire, Canada	45.55224	-73.1554	bark	unknown	North America B	unknown	Liti et al. 2009
A4	Mont-Saint-Hilaire, Canada	45.55224	-73.1554	bark	unknown	North America B	unknown	Liti et al. 2009
ALKO2638	Viherlaakso, Espoo, Finland	60.122	24.392	bark	wild	unknown	Naumov et al. 1992	Naumov1992
ALKO2639	Viherlaakso, Espoo, Finland	60.122	24.392	bark	wild	unknown	Naumov et al. 1992	Naumov1992
CBS406	unknown, The Netherlands	52.18943	5.3343	bark	unknown	European	Beijerinck, 1997	Naumov et al. 1997
CBS432	Moscow, Russia	55.76525	37.62975	bark	unknown	European	unknown	Liti et al. 2009
CBS5829	Denmark	56.06561	9.131063	soil	unknown	European	unknown	Naumov et al. 1997
chr118.2	Valle de Ansó, Spain	42.7629	-0.82977	bark	wild	European	Querol,	Almeida, 2001
CRO12b	Crowden Wood, U.K.	53.49444	-1.89422	bark	wild	NA	This study	NA
CRO1l	Crowden Wood, U.K.	53.49475	-1.8944	bark	wild	NA	This study	NA
CRO2d	Crowden Wood, U.K.	53.49407	-1.89364	bark	wild	NA	This study	NA
CRO2e	Crowden Wood, U.K.	53.49407	-1.89364	bark	wild	NA	This study	NA
CRO2f	Crowden Wood, U.K.	53.49407	-1.89364	bark	wild	NA	This study	NA
CRO3d	Crowden Wood, U.K.	53.49408	-1.89361	bark	wild	NA	This study	NA
CRO3e	Crowden Wood, U.K.	53.49408	-1.89361	bark	wild	NA	This study	NA
CRO4a	Crowden Wood, U.K.	53.49336	-1.89316	bark	wild	NA	This study	NA
CRO7e	Crowden Wood, U.K.	53.49437	-1.89424	bark	wild	NA	This study	NA
CRO8a	Crowden Wood, U.K.	53.49433	-1.89418	bark	wild	NA	This study	NA
DAV1a	Davenport, U.K.	51.02212	0.197617	bark	vineyard	NA	This study	NA
DB18	Hamilton, Ontario, U.S.A.	43.26286	-79.9207	bark	wild	North American	Maganti et al. 2011	Maganti et al. 2011
DBVPG6304	Yosemite, U.S.A.	37.86536	-119.538	insect	unknown	North America B	NA	Liti et al. 2009
EXF6623	Swalmen, The Netherlands	51.14	6.02	bark	wild	European	unknown	Almeida, 2001
EXF6624	Schwalmtal, Germany	51.1321	6.1545	bark	wild	European	Zalar, unpub.	Almeida, 2001
FRI11b	Fritham, U.K.	50.92848	-1.65518	bark	wild	NA	unknown	NA
FRI12c	Fritham, U.K.	50.92875	-1.65567	bark	wild	NA	unknown	NA
FRI14d	Fritham, U.K.	50.92933	-1.65538	bark	wild	NA	unknown	NA
FRI1c	Fritham, U.K.	50.92812	-1.65602	bark	wild	NA	unknown	NA
FRI2d	Fritham, U.K.	50.92803	-1.65587	bark	wild	NA	unknown	NA
FRI3a	Fritham, U.K.	50.92823	-1.6559	bark	wild	NA	unknown	NA
FRI4d	Fritham, U.K.	50.92827	-1.65563	bark	wild	NA	unknown	NA
FRI6a	Fritham, U.K.	50.92878	-1.6559	bark	wild	NA	unknown	NA
GU213453.1	University of Auckland, NZ	-36.8499	174.7711	bark	unknown	European	Zhang et al. 2010	Zhang et al. 2010
INMIV1121	Kiev, Ukraine	50.36306	30.41695	bark	unknown	European	Naumov et al. 1997	Naumov et al. 1997
INMIV544	Kiev, Ukraine	50.36306	30.41695	bark	unknown	European	Naumov et al. 1997	Naumov et al. 1997
KPN3828	Novosibirsk	55.03889	82.95902	bark	unknown	European	Yurkov, 2005	Liti et al. 2009
KPN3829	Novosibirsk	55.03889	82.95902	bark	unknown	European	Yurkov, 2005	Liti et al. 2009
LBW1f	Ladybower Wood, U.K.	53.37719	-1.69289	bark	wild	unknown	This study	NA
LBW2a	Ladybower Wood, U.K.	53.37858	-1.68807	bark	wild	unknown	This study	NA
LBW2ha	Ladybower Wood, U.K.	53.37858	-1.68807	bark	wild	unknown	This study	NA
LBW2jb	Ladybower Wood, U.K.	53.37858	-1.68807	bark	wild	unknown	This study	NA
LBW2oa	Ladybower Wood, U.K.	53.37858	-1.68807	bark	wild	unknown	This study	NA
LBW2pc	Ladybower Wood, U.K.	53.37858	-1.68807	bark	wild	unknown	This study	NA
LBW2qa	Ladybower Wood, U.K.	53.37858	-1.68807	bark	wild	unknown	This study	NA
LBW2qb	Ladybower Wood, U.K.	53.37858	-1.68807	bark	wild	unknown	This study	NA
LL11_001	Quebec	46.81268	-71.2431	bark	unknown	North America C	Charron et al. 2014	Leducq et al. 2014
LL11_002	Cap-Chat, Quebec, Canada	49.05831	-66.7135	bark	unknown	North America C	Leducq et al. 2014	Leducq et al. 2014
LL11_003	Cap-Chat, Quebec, Canada	49.05831	-66.7135	bark	unknown	North America C	Leducq et al. 2014	Leducq et al. 2014
LL11_004	Cap-Chat, Quebec, Canada	49.05831	-66.7135	slug	unknown	North America C	Leducq et al. 2014	Leducq et al. 2014
LL11_005	Ile d'Orleans, QC, Canada	46.9405	-70.9345	bark	unknown	North America C	Charron et al. 2014	Leducq et al. 2014
LL11_006	Ile d'Orleans, Quebec, Canada	46.9405	-70.9345	fruit	unknown	North America C	Charron et al. 2014	Leducq et al. 2014
LL11_007	Ile d'Orleans, Quebec, Canada	46.9405	-70.9345	bark	unknown	North America C	Charron et al. 2014	Leducq et al. 2014
LL11_008	Ile d'Orleans, Quebec, Canada	46.9405	-70.9345	bark	unknown	North America C	Charron et al. 2014	Leducq et al. 2014
LL11_009	St-Michel-du-Squatec, Quebec	47.89317	-68.7205	bark	unknown	North America C	Charron et al. 2014	Leducq et al. 2014
LL11_010	St-Michel-du-Squatec, Quebec	47.89317	-68.7205	bark	unknown	North America C	Charron et al. 2014	Leducq et al. 2014
LL11_011	St-Michel-du-Squatec, Quebec	47.89317	-68.7205	insect	unknown	North America C	Charron et al. 2014	Leducq et al. 2014
LL11_012	Dushesnay, Canada	46.87094	-71.6393	bark	unknown	North America C	Charron et al. 2014	Leducq et al. 2014
LL12_001	Hull, Quebec, Canada	45.45066	-75.7396	bark	unknown	Europe	Charron et al. 2014	Leducq et al. 2014
LL12_002	Pointe Platon, Quebec, Canada	46.66648	-71.8594	bark	unknown	North America B	Charron et al. 2014	Leducq et al. 2014
LL12_003	Pointe Platon, Quebec, Canada	46.66648	-71.8594	bark	unknown	North America B	Charron et al. 2014	Leducq et al. 2014
LL12_004	Cap-Chat, Quebec, Canada	49.05831	-66.7135	bark	unknown	North America C	Leducq et al. 2014	Leducq et al. 2014
LL12_005	Cap-Chat, Quebec, Canada	49.05831	-66.7135	bark	unknown	North America C	Leducq et al. 2014	Leducq et al. 2014
LL12_006	Cap-Chat, Quebec, Canada	49.05831	-66.7135	bark	unknown	North America C	Leducq et al. 2014	Leducq et al. 2014
LL12_007	St-Jean, Quebec, Canada	47.22112	-70.2712	bark	unknown	North America C	Charron et al. 2014	Leducq et al. 2014
LL12_008	Cap-Chat, Quebec, Canada	49.05831	-66.7135	bark	unknown	North America C	Leducq et al. 2014	Leducq et al. 2014
LL12_009	Quebec	46.81268	-71.2431	bark	unknown	North America B	Charron et al. 2014	Leducq et al. 2014
LL12_010	Bic, Quebec, Canada	48.35499	-68.8049	bark	unknown	North America C	Kuehne et al. 2007	Leducq et al. 2014
LL12_011	Bic, Quebec, Canada	48.35499	-68.8049	bark	unknown	North America C	Kuehne et al. 2007	Leducq et al. 2014
LL12_012	Anse-au-Griffon, QC	48.93479	-64.3064	bark	unknown	North America C	Charron et al. 2014	Leducq et al. 2014
LL12_014	Bellechasse, Quebec, Canada	46.65608	-70.7178	bark	unknown	North America B	Kuehne et al. 2007	Leducq et al. 2014
LL12_015	Pointe Platon, Quebec, Canada	46.67021	-71.8468	bark	unknown	North America B	Charron et al. 2014	Leducq et al. 2014
LL12_016	Pointe Platon, Quebec, Canada	46.67021	-71.8468	bark	unknown	North America C	Charron et al. 2014	Leducq et al. 2014
LL12_017	Pointe Platon, Quebec, Canada	46.67021	-71.8468	bark	unknown	North America C	Charron et al. 2014	Leducq et al. 2014
LL12_018	Pointe Platon, Quebec, Canada	46.67021	-71.8468	bark	unknown	North America C	Charron et al. 2014	Leducq et al. 2014
LL12_019	Pointe Platon, Quebec, Canada	46.67021	-71.8468	bark	unknown	North America C	Charron et al. 2014	Leducq et al. 2014
LL12_020	Pointe Platon, Quebec, Canada	46.67021	-71.8468	bark	unknown	North America C	Charron et al. 2014	Leducq et al. 2014
LL12_021	Pointe Platon, Quebec, Canada	46.67021	-71.8468	bark	unknown	North America B	Charron et al. 2014	Leducq et al. 2014
LL12_022	Saint-Justin, Quebec, Canada	46.25357	-73.0865	bark	unknown	North America B	Charron et al. 2014	Leducq et al. 2014
LL12_023	Saint-Justin, Quebec, Canada	46.25357	-73.0865	bark	unknown	North America B	Charron et al. 2014	Leducq et al. 2014
LL12_024	Saint-Justin, Quebec, Canada	46.25357	-73.0865	bark	unknown	North America B	Charron et al. 2014	Leducq et al. 2014
LL12_025	Sherbrooke, Quebec, Canada	45.40914	-71.8835	bark	unknown	North America B	Leducq et al. 2014	Leducq et al. 2014
LL12_026	Sherbrooke, Quebec, Canada	45.40914	-71.8835	bark	unknown	European	Leducq et al. 2014	Leducq et al. 2014
LL12_027	Sherbrooke, Quebec, Canada	45.40914	-71.8835	bark	unknown	North America C	Leducq et al. 2014	Leducq et al. 2014
LL12_028	Sherbrooke, Quebec, Canada	45.40914	-71.8835	bark	unknown	North America B	Leducq et al. 2014	Leducq et al. 2014
LL12_029	St-Thecle, Quebec, Canada	46.81341	-72.5069	bark	unknown	North America B	Charron et al. 2014	Leducq et al. 2014
LL12_030	Vancouver, Canada	49.25058	-123.115	bark	unknown	North America B	Leducq et al. 2014	Leducq2014
MB11d	Montbarri, France	43.64719	3.20307	bark	wild	NA	This study	NA
MB13a	Montbarri, France	43.64704	3.20321	bark	wild	NA	This study	NA
MB15b	Montbarri, France	43.64705	3.2033	bark	wild	NA	This study	NA
MB4a	Montbarri, France	43.64676	3.20263	bark	wild	NA	This study	NA
MB4b	Montbarri, France	43.64676	3.20263	bark	wild	NA	This study	NA
MB4c	Montbarri, France	43.64676	3.20263	bark	wild	NA	This study	NA
MB4d	Montbarri, France	43.64676	3.20263	bark	wild	NA	This study	NA
MB5a	Montbarri, France	43.647	3.20312	bark	wild	NA	This study	NA
MB5b	Montbarri, France	43.647	3.20312	bark	wild	NA	This study	NA
MSH3004-2	Mont-St-Hilaire, QC, Canada	45.55224	-73.1554	bark	unknown	North America B	Charron et al. 2014	Leducq et al. 2014
MSH3006-3	Mont-St-Hilaire, QC, Canada	45.55224	-73.1554	bark	unknown	North America B	Charron et al. 2014	Leducq et al. 2014
MSH3012-1	Mont-St-Hilaire, QC, Canada	45.55224	-73.1554	bark	unknown	North America B	Charron et al. 2014	Leducq et al. 2014
MSH3045-4	Mont-St-Hilaire, QC, Canada	45.55224	-73.1554	bark	unknown	North America B	Charron et al. 2014	Leducq et al. 2014
MSH3052-1	Mont-St-Hilaire, QC, Canada	45.55224	-73.1554	bark	unknown	North America B	Charron et al. 2014	Leducq et al. 2014
MSH3052-2	Mont-St-Hilaire, QC, Canada	45.55224	-73.1554	bark	unknown	North America B	Charron et al. 2014	Leducq et al. 2014
MSH3056-4	Mont-St-Hilaire, QC, Canada	45.55224	-73.1554	bark	unknown	North America B	Charron et al. 2014	Leducq et al. 2014
MSH3059-4b	Mont-St-Hilaire, QC, Canada	45.55224	-73.1554	bark	unknown	North America B	Charron et al. 2014	Leducq et al. 2014
MSH3061-3	Mont-St-Hilaire, QC, Canada	45.55224	-73.1554	bark	unknown	North America B	Charron et al. 2014	Leducq et al. 2014
MSH3065-4	Mont-St-Hilaire, QC, Canada	45.55224	-73.1554	bark	unknown	North America B	Charron et al. 2014	Leducq et al. 2014
MSH3070-3	Mont-St-Hilaire, QC, Canada	45.55224	-73.1554	bark	unknown	North America B	Charron et al. 2014	Leducq et al. 2014
MSH3077-4	Mont-St-Hilaire, QC, Canada	45.55224	-73.1554	bark	unknown	North America B	Charron et al. 2014	Leducq et al. 2014
MSH567-4	Mont-St-Hilaire, QC, Canada	45.55224	-73.1554	bark	unknown	North America B	Charron et al. 2014	Leducq et al. 2014
MSH573-4	Mont-St-Hilaire, QC, Canada	45.55224	-73.1554	bark	unknown	North America B	Charron et al. 2014	Leducq et al. 2014
MSH575-4-B9	Mont-St-Hilaire, QC, Canada	45.55224	-73.1554	bark	unknown	North America B	Charron et al. 2014	Leducq et al. 2014
MSH575-5-E8	Mont-St-Hilaire, QC, Canada	45.55224	-73.1554	bark	unknown	North America B	Charron et al. 2014	Leducq et al. 2014
MSH575-5-i10	Mont-St-Hilaire, QC, Canada	45.55224	-73.1554	bark	unknown	North America B	Charron et al. 2014	Leducq et al. 2014
MSH575-6-J10	Mont-St-Hilaire, QC, Canada	45.55224	-73.1554	bark	unknown	North America B	Charron et al. 2014	Leducq et al. 2014
MSH576-4-D9	Mont-St-Hilaire, QC, Canada	45.55224	-73.1554	bark	unknown	North America B	Charron et al. 2014	Leducq et al. 2014
MSH576-4-G8	Mont-St-Hilaire, QC, Canada	45.55224	-73.1554	bark	unknown	North America B	Charron et al. 2014	Leducq et al. 2014
MSH578-1-B5	Mont-St-Hilaire, QC, Canada	45.55224	-73.1554	bark	unknown	North America B	Charron et al. 2014	Leducq et al. 2014
MSH578-3-F8	Mont-St-Hilaire, QC, Canada	45.55224	-73.1554	bark	unknown	North America B	Charron et al. 2014	Leducq et al. 2014
MSH578a-4-C7	Mont-St-Hilaire, QC, Canada	45.55224	-73.1554	bark	unknown	North America B	Charron et al. 2014	Leducq et al. 2014
MSH578a-6-C8	Mont-St-Hilaire, QC, Canada	45.55224	-73.1554	bark	unknown	North America B	Charron et al. 2014	Leducq et al. 2014
MSH578a-6-E3	Mont-St-Hilaire, QC, Canada	45.55224	-73.1554	bark	unknown	North America B	Charron et al. 2014	Leducq et al. 2014
MSH578a-6-F3	Mont-St-Hilaire, QC, Canada	45.55224	-73.1554	bark	unknown	North America B	Charron et al. 2014	Leducq et al. 2014
MSH587-4	Mont-St-Hilaire, QC, Canada	45.55224	-73.1554	bark	unknown	North America C	Charron et al. 2014	Leducq et al. 2014
MSH588-2	Mont-St-Hilaire, QC, Canada	45.55224	-73.1554	bark	unknown	North America B	Charron et al. 2014	Leducq et al. 2014
MSH826-1	Mont-St-Hilaire, QC, Canada	45.55224	-73.1554	bark	unknown	North America B	Charron et al. 2014	Leducq et al. 2014
MSH829-6-C3	Mont-St-Hilaire, QC, Canada	45.55224	-73.1554	bark	unknown	North America B	Charron et al. 2014	Leducq et al. 2014
MSH830-1-H3	Mont-St-Hilaire, QC, Canada	45.55224	-73.1554	bark	unknown	North America B	Charron et al. 2014	Leducq et al. 2014
MSH830a-4-C8	Mont-St-Hilaire, QC, Canada	45.55224	-73.1554	bark	unknown	North America B	Charron et al. 2014	Leducq et al. 2014
MSH830a-6-A9	Mont-St-Hilaire, QC, Canada	45.55224	-73.1554	bark	unknown	North America B	Charron et al. 2014	Leducq et al. 2014
MSH830b-4-D10	Mont-St-Hilaire, QC, Canada	45.55224	-73.1554	bark	unknown	North America B	Charron et al. 2014	Leducq et al. 2014
MSH830b-4-F2	Mont-St-Hilaire, QC, Canada	45.55224	-73.1554	bark	unknown	North America B	Charron et al. 2014	Leducq et al. 2014
MSH830b-5-F1	Mont-St-Hilaire, QC, Canada	45.55224	-73.1554	bark	unknown	North America B	Charron et al. 2014	Leducq et al. 2014
MSH833-4-i2	Mont-St-Hilaire, QC, Canada	45.55224	-73.1554	bark	unknown	North America B	Charron et al. 2014	Leducq et al. 2014
MSH838-2	Mont-St-Hilaire, QC, Canada	45.55224	-73.1554	bark	unknown	North America B	Charron et al. 2014	Leducq et al. 2014
MSH839-2	Mont-St-Hilaire, QC, Canada	45.55224	-73.1554	bark	unknown	North America B	Charron et al. 2014	Leducq et al. 2014
MSH842-3	Mont-St-Hilaire, QC, Canada	45.55224	-73.1554	bark	unknown	North America B	Charron et al. 2014	Leducq et al. 2014
MSH846-2	Mont-St-Hilaire, QC, Canada	45.55224	-73.1554	bark	unknown	North America B	Charron et al. 2014	Leducq et al. 2014
MSH850-1	Mont-St-Hilaire, QC, Canada	45.55224	-73.1554	bark	unknown	North America B	Charron et al. 2014	Leducq et al. 2014
MSHD1S11	Mont-St-Hilaire, QC, Canada	45.55224	-73.1554	bark	unknown	North America C	Charron et al. 2014	Leducq et al. 2014
MSHD2B12	Mont-St-Hilaire, QC, Canada	45.55224	-73.1554	bark	unknown	North America C	Charron et al. 2014	Leducq et al. 2014
MSHD2S35	Mont-St-Hilaire, QC, Canada	45.55224	-73.1554	bark	unknown	North America C	Charron et al. 2014	Leducq et al. 2014
N12	Lenkoran, Azerbaijan	38.76486	48.84267	bark	unknown	Europe	Naumov et al.1986	Kuehne et al. 2007
N13	Moscow, Russia	55.76525	37.62975	bark	unknown	European	Naumov et al. 1997	Naumov et al. 1997
N15	Moscow, Russia	55.76525	37.62975	bark	unknown	European	Naumov et al. 1997	Naumov et al. 1997
N16	Moscow, Russia	55.76525	37.62975	bark	unknown	European	Naumov et al. 1997	Naumov et al. 1997
N17	unknown, Tartarstan	55.60688	51.38569	bark	unknown	European	Naumov et al. 1998	Kuehne et al. 2007
N18	Efremov, Tula Oblast, Russia	53.14916	38.10201	bark	unknown	European	Naumov et al. 1998	Kuehne et al. 2007
N25	unknown, Estonia	58.80581	25.55855	bark	unknown	European	Naumov et al. 1998	Kuehne et al. 2007
N34	Voronezh, Russia	51.64545	39.19634	bark	unknown	European	Kuehne et al. 2007	Kuehne et al. 2007
N36	unknown, Lithuania	55.47674	23.85086	bark	unknown	European	Naumov et al.1998	Kuehne et al. 2007
N40	Yalta, Ukraine	44.49859	34.16013	bark	unknown	European	Naumov et al.1997	Naumov et al.1997
N41	Yalta, Ukraine	44.49859	34.16013	bark	unknown	European	Naumov et al.1997	Naumov et al.1997
N42	Vladivostok, Russia	43.11268	132.0098	bark	unknown	Far Eastern	unknown	Naumov et al, 1997
N44	Ternei, Russia	45.04766	136.621	bark	unknown	Far Eastern	unknown	West et al. 2013
N45	Ternei, Russia	45.04766	136.621	bark	unknown	Far Eastern	unknown	West et al. 2013
N46	Sikhote-Alinsky, Russia	45.33352	136.1666	bark	reserve	Far Eastern	unknown	Naumov et al. 1997
N47	Sikhote-Alinsky, Russia	45.33352	136.1666	bark	reserve	Far Eastern	unknown	Naumov et al. 1997
N7	St. Petersburg, Russia	59.93121	30.28249	bark	unknown	Europe	Naumov et al.1986	Kuehne et al. 2007
N8	Moscow, Russia	55.76525	37.62975	bark	unknown	European	Naumov et al. 1997	Kuehne et al. 2007
N9	Tashkent, Uzbekistan	41.30379	69.26773	bark	unknown	European	Naumov et al.1986	Kuehne et al. 2007
NRLLYB2047	Salem, MO, U.S.A.	37.64239	-91.5363	frass	unknown	North America B	Leducq et al. 2014	Leducq et al. 2014
OCK11c	Ocknell, U.K.	50.90535	-1.64663	bark	wild	NA	This study	NA
OCK11d	Ocknell, U.K.	50.90535	-1.64663	bark	wild	NA	This study	NA
OCK1c	Ocknell, U.K.	50.90692	-1.64652	bark	wild	NA	This study	NA
OCK7a	Ocknell, U.K.	50.90852	-1.64883	bark	wild	NA	This study	NA
PAR10C	Parnithia, Greece	38.18383	23.78985	bark	wild	NA	This study	NA
PLU5a	Plumpton, U.K.	50.9107	-0.06963	bark	vineyard	NA	This study	NA
PLU5c	Plumpton, U.K.	50.9107	-0.06963	bark	vineyard	NA	This study	NA
PLU5d	Plumpton, U.K.	50.9107	-0.06963	bark	vineyard	NA	This study	NA
PYR5a	Pyrgadikia, Greece	40.3758	23.6924	bark	wild	NA	This study	NA
PYR5b	Pyrgadikia, Greece	40.3758	23.6924	bark	wild	NA	This study	NA
PYR5c	Pyrgadikia, Greece	40.3758	23.6924	bark	wild	NA	This study	NA
PYR5e	Pyrgadikia, Greece	40.3758	23.6924	bark	wild	NA	This study	NA
PYR5f	Pyrgadikia, Greece	40.3758	23.6924	bark	wild	NA	This study	NA
PYR7a	Pyrgadikia, Greece	40.37554	23.69234	bark	wild	NA	This study	NA
PYR7b	Pyrgadikia, Greece	40.37554	23.69234	bark	wild	NA	This study	NA
PYR7c	Pyrgadikia, Greece	40.37554	23.69234	bark	wild	NA	This study	NA
PYR7e	Pyrgadikia, Greece	40.37554	23.69234	bark	wild	NA	This study	NA
PYR8b	Pyrgadikia, Greece	40.37535	23.69223	bark	wild	NA	This study	NA
PYR8d	Pyrgadikia, Greece	40.37535	23.69223	bark	wild	NA	This study	NA
PYR8e	Pyrgadikia, Greece	40.37535	23.69223	bark	wild	NA	This study	NA
PYR8f	Pyrgadikia, Greece	40.37535	23.69223	bark	wild	NA	This study	NA
PYR9c	Pyrgadikia, Greece	40.37548	23.6922	bark	wild	NA	This study	NA
Q31.4	Windsor, U.K.	51.42428	-0.61777	bark	unknown	European	Johnson et al. 2004	Liti et al. 2009
Q32.3	Windsor, U.K.	51.42428	-0.61777	bark	unknown	European	Johnson et al. 2004	Liti et al. 2009
Q59.1	Windsor, U.K.	51.42428	-0.61777	bark	unknown	European	Johnson et al. 2004	Liti et al. 2009
Q62.5	Windsor, U.K.	51.42428	-0.61777	bark	unknown	European	Johnson et al. 2004	Liti et al. 2009
Q69.8	Windsor, U.K.	51.42428	-0.61777	bark	unknown	European	Johnson et al. 2004	Liti et al. 2009
Q74.4	Windsor, U.K.	51.42428	-0.61777	bark	unknown	European	Johnson et al. 2004	Liti et al. 2009
Q89.8	Windsor, U.K.	51.42428	-0.61777	bark	unknown	European	Johnson et al. 2004	Liti et al. 2009
Q95.3	Windsor, U.K.	51.42428	-0.61777	bark	unknown	European	Johnson et al. 2004	Liti et al. 2009
S36.7	Silwood Park, U.K.	51.40813	-0.63768	bark	unknown	European	Johnson et al. 2004	Liti et al. 2009
SpNZ	University of Auckland, NZ	-36.506	174.4616	bark	unknown	European	Zhang et al. 2010	Zhang et al. 2010
T21.4	Silwood Park, U.K.	51.40813	-0.63768	bark	unknown	European	Johnson et al. 2004	Liti et al. 2009
TAX13a	Taxiarchis, Greece	40.43388	23.49902	bark	wild	NA	This study	NA
TAX14a	Taxiarchis, Greece	40.4332	23.49548	bark	wild	NA	This study	NA
TAX14b	Taxiarchis, Greece	40.4332	23.49548	bark	wild	NA	This study	NA
TAX14c	Taxiarchis, Greece	40.4332	23.49548	bark	wild	NA	This study	NA
TAX14d	Taxiarchis, Greece	40.4332	23.49548	bark	wild	NA	This study	NA
TAX15a	Taxiarchis, Greece	40.43328	23.49516	bark	wild	NA	This study	NA
TAX15b	Taxiarchis, Greece	40.43328	23.49516	bark	wild	NA	This study	NA
TAX15c	Taxiarchis, Greece	40.43328	23.49516	bark	wild	NA	This study	NA
TAX15d	Taxiarchis, Greece	40.43328	23.49516	bark	wild	NA	This study	NA
TAX1a	Taxiarchis, Greece	40.43237	23.50122	bark	wild	NA	This study	NA
TAX1d	Taxiarchis, Greece	40.43237	23.50122	bark	wild	NA	This study	NA
TAX2a	Taxiarchis, Greece	40.43212	23.5026	bark	wild	NA	This study	NA
TAX2d	Taxiarchis, Greece	40.43212	23.5026	bark	wild	NA	This study	NA
TAX3d	Taxiarchis, Greece	40.43235	23.50295	bark	wild	NA	This study	NA
TAX4a	Taxiarchis, Greece	40.43273	23.50222	bark	wild	NA	This study	NA
TAX4b	Taxiarchis, Greece	40.43273	23.50222	bark	wild	NA	This study	NA
TAX4c	Taxiarchis, Greece	40.43273	23.50222	bark	wild	NA	This study	NA
TAX4d	Taxiarchis, Greece	40.43273	23.50222	bark	wild	NA	This study	NA
TAX5c	Taxiarchis, Greece	40.43299	23.50173	bark	wild	NA	This study	NA
TAX5d	Taxiarchis, Greece	40.43299	23.50173	bark	wild	NA	This study	NA
TAX8a	Taxiarchis, Greece	40.43398	23.50069	bark	wild	NA	This study	NA
TTP2a	Tatton Park, U.K.	53.33545	-2.38569	bark	wild	NA	This study	NA
TTP2b	Tatton Park, U.K.	53.33545	-2.38569	bark	wild	NA	This study	NA
TTP2c	Tatton Park, U.K.	53.33545	-2.38569	bark	wild	NA	This study	NA
UCD62-186	Saskatoon, Canada	52.14745	-106.643	insect	unknown	North America C	Leducq et al. 2014	Leducq et al. 2014
UEA1c	Norwich, U.K.	52.61879	1.235303	bark	wild	NA	This study	NA
UEA2b	Norwich, U.K.	52.62332	1.23925	bark	wild	NA	This study	NA
UEA2c	Norwich, U.K.	52.62332	1.23925	bark	wild	NA	This study	NA
UFRJ50791	Rio de Janeiro, Brazil	-22.9578	-43.2967	insect	unknown	North America B	Morais et al. 1992	Liti et al. 2009
UFRJ50816	Rio de Janeiro, Brazil	-22.9578	-43.2967	insect	unknown	North America B	Morais et al. 1992	Liti et al. 2009
UTM-10	Toronto, Ontario, Canada	43.72993	-79.366	bark	unknown	North America B	Leducq et al. 2014	Leducq et al. 2014
UTM-6	Toronto, Ontario, Canada	43.72993	-79.366	bark	unknown	North America B	Leducq et al. 2014	Leducq et al. 2014
UTM-9	Toronto, Ontario, Canada	43.72993	-79.366	bark	unknown	North America B	Leducq et al. 2014	Leducq et al. 2014
UWOPS-03-346t1	Long Point, Ontario, Canada	42.54886	-80.0495	bark	unknown	North America B	Leducq et al. 2014	Leducq et al. 2014
UWOPS-79-140	St-Joseph, Ontario	46.23344	-83.9643	bark	unknown	North America B	Leducq et al. 2014	Leducq et al. 2014
UWOPS-80-13	London, Ontario, Canada	42.99736	-81.2404	bark	unknown	North America B	Leducq et al. 2014	Leducq et al. 2014
UWOPS-91-202.1	Long Point, Ontario, Canada	42.54886	-80.0495	bark	unknown	North America B	Leducq et al. 2014	Leducq et al. 2014
UWOPS91-917.1	Saddle Rd, Hawaii, U.S.A.	19.73608	-155.508	bark	unknown	Hawaii	unknown	Liti et al. 2009
UWOPS-99-501.1	Long Point, Ontario, Canada	42.54886	-80.0495	bark	unknown	North America B	Leducq et al. 2014	Leducq et al. 2014
VKMY-2472	Moscow, Russia	55.76525	37.62975	soil	unknown	European	Naumov et al. 1997	Naumov1997
W7	Silwood Park, U.K.	51.40813	-0.63768	bark	unknown	European	Johnson et al. 2004	Liti et al. 2009
Y6.5	Silwood Park, U.K.	51.40813	-0.63768	bark	unknown	European	Johnson et al. 2004	Liti et al. 2009
Y7	Silwood Park, U.K.	51.40813	-0.63768	bark	unknown	European	Johnson et al. 2004	Liti et al. 2009
Y8.1	Silwood Park, U.K.	51.40813	-0.63768	bark	unknown	European	Johnson et al. 2004	Liti et al. 2009
Y8.5	Silwood Park, U.K.	51.40813	-0.63768	bark	unknown	European	Johnson et al. 2004	Liti et al. 2009
Y9.6	Silwood Park, U.K.	51.40813	-0.63768	bark	unknown	European	Johnson et al. 2004	Liti et al. 2009
yHBJ1	IronRiverWI	46.58936	-91.418	bark	unknown	North America B	Leducq et al. 2014	Leducq et al. 2014
yHBJ16	IronRiverWI	46.58936	-91.418	bark	unknown	North America B	Leducq et al. 2014	Leducq et al. 2014
yHBJ17	IronRiverWI	46.58936	-91.418	bark	unknown	North America B	Leducq et al. 2014	Leducq et al. 2014
yHBJ24	IronRiverWI	46.58936	-91.418	bark	unknown	North America B	Leducq et al. 2014	Leducq et al. 2014
yHBJ5	IronRiverWI	46.58936	-91.418	bark	unknown	North America B	Leducq et al. 2014	Leducq et al. 2014
yHBJ6	IronRiverWI	46.58936	-91.418	mushroom	unknown	North America B	Leducq et al. 2014	Leducq et al. 2014
yHBJ9	IronRiverWI	46.58936	-91.418	bark	unknown	North America B	Leducq et al. 2014	Leducq et al. 2014
yHKS10	Sussex, Wisconsin, U.S.A.	43.1335	-88.221	bark	unknown	North America B	Leducq et al. 2014	Leducq et al. 2014
YPS125	Media, Pennsylvania,U.S.A.	39.93731	-75.4301	bark	reserve	North America B	Sniegowski et al.2002	Kuehne et al. 2007
YPS126	Media, Pennsylvania,U.S.A.	39.93731	-75.4301	bark	reserve	North America B	Sniegowski et al.2002	Kuehne et al. 2007
YPS138	Media, Pennsylvania,U.S.A.	39.93731	-75.4301	bark	reserve	North America B	Sniegowski et al.2002	Kuehne et al. 2007
YPS145	Media, Pennsylvania,U.S.A.	39.93731	-75.4301	bark	reserve	North America B	Sniegowski et al.2002	Kuehne et al. 2007
YPS150	Media, Pennsylvania,U.S.A.	39.93731	-75.4301	bark	reserve	North America B	Sniegowski et al.2002	Kuehne et al. 2007
YPS151	Media, Pennsylvania,U.S.A.	39.93731	-75.4301	bark	reserve	North America B	Sniegowski et al.2002	Kuehne et al. 2007
YPS152	Media, Pennsylvania,U.S.A.	39.93731	-75.4301	bark	reserve	North America B	Sniegowski et al.2002	Kuehne et al. 2007
YPS155	Media, Pennsylvania,U.S.A.	39.93731	-75.4301	bark	reserve	North America B	Sniegowski et al.2002	Kuehne et al. 2007
YPS158	Media, Pennsylvania,U.S.A.	39.93731	-75.4301	bark	reserve	North America B	Sniegowski et al.2002	Kuehne et al. 2007
YPS484	Grand Bend, Ontario, U.S.A.	43.31371	-81.7562	bark	unknown	North America B	Leducq et al. 2014	Leducq et al. 2014
YPS518	Port Rowan, Ontario, Canada	42.62449	-80.4504	bark	unknown	North America B	Kuehne et al. 2007	Kuehne et al. 2007
YPS616	New Brunswick, Canada	40.49076	-74.443	bark	unknown	North America B	Kuehne et al. 2007	Kuehne et al. 2007
YPS618	New Brunswick, Canada	40.49076	-74.443	bark	unknown	North America B	Kuehne et al. 2007	Kuehne et al. 2007
YPS622	New Brunswick, Canada	40.49076	-74.443	bark	unknown	North America B	Kuehne et al. 2007	Kuehne et al. 2007
YPS631	New Brunswick, Canada	40.49076	-74.443	bark	unknown	North America B	Kuehne et al. 2007	Kuehne et al. 2007
YPS642	Buck Hill Falls, PA, U.S.A.	41.18807	-75.2658	bark	unknown	European	Kuehne et al. 2007	Kuehne et al. 2007
YPS643	Buck Hill Falls, PA, U.S.A	41.18807	-75.2658	bark	unknown	North America B	Kuehne et al. 2007	Kuehne et al. 2007
YPS644	Buck Hill Falls, PA, U.S.A	41.18807	-75.2658	bark	unknown	European	Kuehne et al. 2007	Kuehne et al. 2007
YPS645	Buck Hill Falls, PA, U.S.A	41.18807	-75.2658	bark	unknown	North America B	Kuehne et al. 2007	Kuehne et al. 2007
YPS646	Buck Hill Falls, PA, U.S.A	41.18807	-75.2658	bark	unknown	North America B	Kuehne et al. 2007	Kuehne et al. 2007
YPS646	Buck Hill Falls, PA, U.S.A	41.18807	-75.2658	bark	unknown	North America B	Kuehne et al. 2007	Kuehne et al. 2007
YPS647	Buck Hill Falls, PA, U.S.A	41.18807	-75.2658	bark	unknown	North America B	Kuehne et al. 2007	Kuehne et al. 2007
YPS649	Buck Hill Falls, PA, U.S.A	41.18807	-75.2658	bark	unknown	North America B	Kuehne et al. 2007	Kuehne et al. 2007
YPS650	Buck Hill Falls, PA, U.S.A	41.18807	-75.2658	bark	unknown	North America B	Kuehne et al. 2007	Kuehne et al. 2007
YPS654	Buck Hill Falls, PA, U.S.A	41.18807	-75.2658	bark	unknown	North America B	Kuehne et al. 2007	Kuehne et al. 2007
YPS664	Buck Hill Falls, PA, U.S.A	41.18807	-75.2658	bark	unknown	North America B	Kuehne et al. 2007	Kuehne et al. 2007
YPS667	Buck Hill Falls, PA, U.S.A	41.18807	-75.2658	bark	unknown	North America B	Kuehne et al. 2007	Kuehne et al. 2007
YPS668	Buck Hill Falls, PA, U.S.A	41.18807	-75.2658	bark	unknown	North America B	Kuehne et al. 2007	Kuehne et al. 2007
YPS694	Tuscarora Forest, PA, U.S.A.	40.24237	-77.6193	bark	unknown	North America B	Kuehne et al. 2007	Kuehne et al. 2007
YPS695	Tuscarora Forest, PA, U.S.A.	40.24237	-77.6193	bark	unknown	European	Kuehne et al. 2007	Kuehne et al. 2007
YPS697	Tuscarora Forest, PA, U.S.A.	40.24237	-77.6193	bark	unknown	North America B	Kuehne et al. 2007	Kuehne et al. 2007
YPS699	Tuscarora Forest, PA, U.S.A.	40.24237	-77.6193	bark	unknown	North America B	Kuehne et al. 2007	Kuehne et al. 2007
YPS700	Tuscarora Forest, PA, U.S.A.	40.24237	-77.6193	bark	unknown	North America B	Kuehne et al. 2007	Kuehne et al. 2007
YPS702	Tuscarora Forest, PA, U.S.A.	40.24237	-77.6193	bark	unknown	North America B	Kuehne et al. 2007	Kuehne et al. 2007
YPS709	Tuscarora Forest, PA, U.S.A.	40.24237	-77.6193	bark	unknown	North America B	Kuehne et al. 2007	Kuehne et al. 2007
YPS722	Tuscarora Forest, PA, U.S.A.	40.24237	-77.6193	bark	unknown	North America B	Kuehne et al. 2007	Kuehne et al. 2007
YPS723	Tuscarora Forest, PA, U.S.A.	40.24237	-77.6193	bark	unknown	North America B	Kuehne et al. 2007	Kuehne et al. 2007
YPS724	Tuscarora Forest, PA, U.S.A.	40.24237	-77.6193	bark	unknown	North America B	Kuehne et al. 2007	Kuehne et al. 2007
YPS726	Tuscarora Forest, PA, U.S.A.	40.24237	-77.6193	bark	unknown	North America B	Kuehne et al. 2007	Kuehne et al. 2007
YPS729	Tuscarora Forest, PA, U.S.A.	40.24237	-77.6193	bark	unknown	North America B	Kuehne et al. 2007	Kuehne et al. 2007
YPS730	Tuscarora Forest, PA, U.S.A.	40.24237	-77.6193	bark	unknown	North America B	Kuehne et al. 2007	Kuehne et al. 2007
YPS740	Tuscarora Forest, PA, U.S.A.	40.24237	-77.6193	bark	unknown	North America B	Kuehne et al. 2007	Kuehne et al. 2007
YPS741	Tuscarora Forest, PA, U.S.A.	40.24237	-77.6193	bark	unknown	North America B	Kuehne et al. 2007	Kuehne et al. 2007
YPS743	Tuscarora Forest, PA, U.S.A.	40.24237	-77.6193	bark	unknown	North America B	Kuehne et al. 2007	Kuehne et al. 2007
YPS744	Tuscarora Forest, PA, U.S.A.	40.24237	-77.6193	bark	unknown	European	Kuehne et al. 2007	Kuehne et al. 2007
YPS745	Tuscarora Forest, PA, U.S.A.	40.24237	-77.6193	bark	unknown	North America B	Kuehne et al. 2007	Kuehne et al. 2007
Z1	Silwood Park, U.K.	51.40813	-0.63768	bark	unknown	European	Johnson et al. 2004	Liti et al. 2009
Z1.1	Silwood Park, U.K.	51.40813	-0.63768	bark	unknown	European	Johnson et al. 2004	Liti et al. 2009
ZP1020	Senande, Portugal	41.86456	-0.82978	bark	wild	European	Sampaio, unpub.	Almeida, 2001
ZP1022	Senande, Portugal	41.86456	-0.82978	bark	wild	European	Sampaio, unpub.	Almeida, 2001
ZP1023	Senande, Portugal	41.86456	-0.82978	bark	wild	European	Sampaio, unpub.	Almeida, 2001
ZP607	Tübingen, Germany	48.3112	9.032	bark	mosaic	European	unknown	Almeida, 2001
ZP614-5	Murrhardt, Germany	48.5848	9.3453	bark	wild	European	unknown	Almeida et al. unpub.
ZP665	Bochum, Germany	51.2855	7.1257	bark	wild	European	Sampaio, Unpub.	Almeida, 2001
